City_ID,City,Lat,Lng,Max Temp,Humidity,Cloudiness,Wind Speed,Country,Date
0,Deputatskiy,69.3,139.9,-6.48,99,100,2.82,RU,2021-11-20 19:17:15
1,Wharton,29.3116,-96.1027,78.78,60,75,11.5,US,2021-11-20 19:15:28
2,Port Hedland,-20.3167,118.5667,80.65,74,100,9.22,AU,2021-11-20 19:17:15
3,Arraial Do Cabo,-22.9661,-42.0278,73.36,78,75,14.97,BR,2021-11-20 19:17:15
4,Pisco,-13.7,-76.2167,71.65,73,20,6.91,PE,2021-11-20 19:17:16
5,Port Alfred,-33.5906,26.891,64.33,71,100,15.86,ZA,2021-11-20 19:17:16
6,Hobart,-42.8794,147.3294,51.12,91,20,8.05,AU,2021-11-20 19:17:16
7,Albany,42.6001,-73.9662,45.57,55,100,1.99,US,2021-11-20 19:16:30
8,Ponta Do Sol,32.6667,-17.1,66.83,71,100,2.42,PT,2021-11-20 19:17:17
9,Muriti,-1.9833,32.9167,75.04,72,83,16.2,TZ,2021-11-20 19:17:17
10,Asau,46.4333,26.4,44.96,61,40,6.17,RO,2021-11-20 19:17:17
11,Omsukchan,62.5333,155.8,-4.54,100,99,3.2,RU,2021-11-20 19:17:18
12,Kaitangata,-46.2817,169.8464,52.52,95,100,0.34,NZ,2021-11-20 19:17:18
13,Laohekou,32.3858,111.6678,55.29,80,100,8.01,CN,2021-11-20 19:17:18
14,Hilo,19.7297,-155.09,81.25,74,20,4.61,US,2021-11-20 19:17:18
15,Itoman,26.1247,127.6694,73.78,78,75,9.22,JP,2021-11-20 19:17:19
16,Ushuaia,-54.8,-68.3,38.86,70,75,36.82,AR,2021-11-20 19:17:19
17,Akyab,20.15,92.9,77.05,72,23,9.98,MM,2021-11-20 19:17:20
18,Nyurba,63.2842,118.3319,-20.72,100,90,1.41,RU,2021-11-20 19:17:20
19,Kapaa,22.0752,-159.319,80.92,78,40,1.01,US,2021-11-20 19:17:20
20,Ahipara,-35.1667,173.1667,62.37,89,15,5.82,NZ,2021-11-20 19:17:21
21,Sitka,57.0531,-135.33,33.69,80,90,9.22,US,2021-11-20 19:17:21
22,Guerrero Negro,27.9769,-114.0611,69.64,62,100,9.06,MX,2021-11-20 19:17:21
23,Vaini,-21.2,-175.2,80.76,89,20,4.61,TO,2021-11-20 19:17:22
24,Beboto,8.2668,16.939,80.74,28,9,1.07,TD,2021-11-20 19:17:22
25,Muli,2.9167,73.5667,81.43,77,100,17.78,MV,2021-11-20 19:17:22
26,Saint-Philippe,-21.3585,55.7679,74.75,78,40,9.08,RE,2021-11-20 19:17:23
27,Buin,-33.7333,-70.75,89.06,17,0,12.82,CL,2021-11-20 19:17:23
28,Busselton,-33.65,115.3333,59.04,71,80,8.93,AU,2021-11-20 19:13:00
29,Qaanaaq,77.484,-69.3632,-5.87,70,0,6.89,GL,2021-11-20 19:17:23
30,Jumla,29.2747,82.1838,43.0,69,0,3.4,NP,2021-11-20 19:15:04
31,Mataura,-46.1927,168.8643,52.2,98,100,3.31,NZ,2021-11-20 19:17:24
32,Punta Arenas,-53.15,-70.9167,46.51,46,40,42.57,CL,2021-11-20 19:17:24
33,Meridian,43.6121,-116.3915,46.15,72,1,1.01,US,2021-11-20 19:15:59
34,Sauce,-34.6469,-56.0628,80.53,25,0,7.27,UY,2021-11-20 19:17:25
35,Athabasca,54.7169,-113.2854,11.89,85,86,11.18,CA,2021-11-20 19:16:15
36,Kodiak,57.79,-152.4072,36.91,60,90,32.21,US,2021-11-20 19:17:25
37,Plettenberg Bay,-34.0527,23.3716,62.46,79,95,16.26,ZA,2021-11-20 19:17:25
38,Biltine,14.5333,20.9167,81.37,16,0,13.58,TD,2021-11-20 19:17:26
39,Ivankiv,50.9386,29.8943,43.03,70,52,13.6,UA,2021-11-20 19:17:26
40,Hovd,48.0056,91.6419,6.8,38,0,1.48,MN,2021-11-20 19:17:27
41,Shambu,9.5667,37.1,53.29,71,90,1.32,ET,2021-11-20 19:17:27
42,Alibag,18.6411,72.8792,86.07,83,100,5.84,IN,2021-11-20 19:17:27
43,Anadyr,64.75,177.4833,-14.01,83,20,11.01,RU,2021-11-20 19:17:27
44,Ternate,0.8,127.4,80.98,78,11,2.77,ID,2021-11-20 19:17:28
45,Sangar,63.9242,127.4739,-18.62,100,96,1.57,RU,2021-11-20 19:17:28
46,Butaritari,3.0707,172.7902,82.17,66,60,16.11,KI,2021-11-20 19:17:29
47,Dikson,73.5069,80.5464,-8.34,87,53,15.7,RU,2021-11-20 19:17:29
48,Rikitea,-23.1203,-134.9692,73.15,64,100,7.96,PF,2021-11-20 19:18:29
49,Ostrovnoy,68.0531,39.5131,31.78,83,100,8.12,RU,2021-11-20 19:18:30
50,Jamestown,42.097,-79.2353,43.3,45,1,16.11,US,2021-11-20 19:17:56
51,Laguna,38.421,-121.4238,67.87,71,1,3.0,US,2021-11-20 19:18:30
52,Havoysund,70.9963,24.6622,29.28,63,100,24.2,NO,2021-11-20 19:18:30
53,Cape Town,-33.9258,18.4232,68.27,60,20,13.8,ZA,2021-11-20 19:18:31
54,Aksarka,66.5606,67.7975,11.48,95,100,9.69,RU,2021-11-20 19:18:31
55,Westport,41.1415,-73.3579,48.06,41,1,1.01,US,2021-11-20 19:13:38
56,Funadhoo,6.15,73.2667,81.95,68,19,17.78,MV,2021-11-20 19:18:31
57,Erzin,36.9559,36.2,56.12,72,100,5.75,TR,2021-11-20 19:18:32
58,Arona,28.0996,-16.681,62.82,71,40,1.99,ES,2021-11-20 19:18:32
59,Isangel,-19.55,169.2667,75.31,83,75,0.0,VU,2021-11-20 19:18:32
60,Sisimiut,66.9395,-53.6735,23.83,96,100,4.25,GL,2021-11-20 19:18:33
61,Ilulissat,69.2167,-51.1,23.02,74,75,5.75,GL,2021-11-20 19:18:33
62,Russell,32.3502,-85.1999,63.68,41,1,4.61,US,2021-11-20 19:15:26
63,Thompson,55.7435,-97.8558,19.56,79,90,18.41,CA,2021-11-20 19:18:33
64,Vung Tau,10.346,107.0843,78.76,87,94,9.64,VN,2021-11-20 19:18:34
65,Kuah,6.3265,99.8432,78.78,94,20,1.14,MY,2021-11-20 19:18:34
66,Emerald,-23.5333,148.1667,66.34,66,100,9.33,AU,2021-11-20 19:18:34
67,Georgetown,5.4112,100.3354,79.95,90,20,2.3,MY,2021-11-20 19:15:33
68,Male,4.1748,73.5089,81.84,74,100,17.94,MV,2021-11-20 19:14:08
69,San Carlos De Bariloche,-41.1456,-71.3082,75.43,30,40,24.16,AR,2021-11-20 19:18:35
70,Mafinga,-7.25,35.0667,81.79,28,8,9.28,TZ,2021-11-20 19:18:35
71,Castro,-24.7911,-50.0119,71.55,64,95,7.67,BR,2021-11-20 19:18:35
72,Dingle,10.9995,122.6711,75.87,91,100,4.5,PH,2021-11-20 19:18:36
73,Port Hardy,50.6996,-127.4199,44.6,93,90,3.44,CA,2021-11-20 19:18:36
74,Eaglesfield,54.6406,-3.4044,45.9,90,23,13.69,GB,2021-11-20 19:18:37
75,Ravar,31.2656,56.8055,51.89,35,0,2.51,IR,2021-11-20 19:18:37
76,Moindou,-21.6924,165.677,67.95,80,100,3.98,NC,2021-11-20 19:18:37
77,Clyde River,70.4692,-68.5914,5.43,93,100,7.58,CA,2021-11-20 19:14:14
78,Bullhead City,35.1478,-114.5683,78.28,20,20,19.57,US,2021-11-20 19:18:38
79,Bengkulu,-3.8004,102.2655,76.06,90,51,4.61,ID,2021-11-20 19:18:38
80,Atuona,-9.8,-139.0333,79.23,71,3,13.24,PF,2021-11-20 19:18:38
81,Aklavik,68.2191,-135.0107,4.03,85,75,4.61,CA,2021-11-20 19:18:39
82,Hobyo,5.3505,48.5268,80.02,68,88,13.69,SO,2021-11-20 19:18:39
83,Bredasdorp,-34.5322,20.0403,63.28,73,100,16.73,ZA,2021-11-20 19:18:39
84,Kupang,-10.1667,123.5833,80.69,83,100,3.58,ID,2021-11-20 19:18:39
85,Carnarvon,-24.8667,113.6333,69.87,88,75,10.36,AU,2021-11-20 19:17:53
86,Tasiilaq,65.6145,-37.6368,28.56,96,100,16.33,GL,2021-11-20 19:18:40
87,Jalu,29.0331,21.5482,66.63,49,44,12.71,LY,2021-11-20 19:18:40
88,Sao Domingos,-13.3983,-46.3183,81.16,62,99,2.06,BR,2021-11-20 19:18:41
89,Brae,60.3964,-1.353,40.91,77,100,21.81,GB,2021-11-20 19:18:41
90,Ketchikan,55.3422,-131.6461,34.27,93,90,4.61,US,2021-11-20 19:18:41
91,Onega,63.9061,38.1404,28.71,94,100,7.7,RU,2021-11-20 19:18:42
92,Beringovskiy,63.05,179.3167,-1.57,95,39,7.99,RU,2021-11-20 19:19:42
93,Bluff,-46.6,168.3333,52.52,92,100,6.33,NZ,2021-11-20 19:19:42
94,Pangnirtung,66.1451,-65.7125,17.6,67,75,2.3,CA,2021-11-20 19:19:43
95,Acarau,-2.8856,-40.12,85.57,64,100,19.53,BR,2021-11-20 19:19:43
96,Vardo,70.3705,31.1107,31.91,70,100,28.39,NO,2021-11-20 19:19:43
97,Bairiki,1.3292,172.9752,80.6,78,75,9.22,KI,2021-11-20 19:19:44
98,Aykhal,66.0,111.5,-21.24,100,73,5.14,RU,2021-11-20 19:19:44
99,Lichinga,-13.3128,35.2406,73.49,56,20,6.91,MZ,2021-11-20 19:19:44
100,New Norfolk,-42.7826,147.0587,50.76,84,14,2.73,AU,2021-11-20 19:19:45
101,North Battleford,52.7834,-108.2847,29.41,89,100,11.25,CA,2021-11-20 19:16:31
102,Natal,-5.795,-35.2094,84.85,65,40,14.97,BR,2021-11-20 19:18:11
103,Kahului,20.8947,-156.47,80.83,73,20,0.0,US,2021-11-20 19:19:45
104,Te Anau,-45.4167,167.7167,49.51,92,100,1.61,NZ,2021-11-20 19:19:45
105,Ponazyrevo,58.3578,46.3142,28.62,98,100,3.83,RU,2021-11-20 19:19:46
106,Malabo,3.75,8.7833,80.51,83,100,7.9,GQ,2021-11-20 19:19:46
107,Lebu,-37.6167,-73.65,59.54,76,5,15.88,CL,2021-11-20 19:19:46
108,East London,-33.0153,27.9116,64.18,77,100,12.26,ZA,2021-11-20 19:19:47
109,Avarua,-21.2078,-159.775,78.85,65,20,13.8,CK,2021-11-20 19:19:47
110,Mount Isa,-20.7333,139.5,80.37,61,5,6.91,AU,2021-11-20 19:19:47
111,Nola,40.922,14.5329,60.66,50,8,0.92,IT,2021-11-20 19:19:48
112,Boende,-0.2167,20.8667,73.76,81,100,2.15,CD,2021-11-20 19:19:48
113,Abu Samrah,35.3029,37.1841,53.98,85,96,11.9,SY,2021-11-20 19:19:48
114,Yellowknife,62.456,-114.3525,0.41,84,20,12.66,CA,2021-11-20 19:19:04
115,Walvis Bay,-22.9575,14.5053,60.1,88,10,3.44,NA,2021-11-20 19:19:49
116,Yenagoa,4.9247,6.2642,77.83,90,92,5.91,NG,2021-11-20 19:19:49
117,Yulara,-25.2406,130.9889,64.24,77,40,13.8,AU,2021-11-20 19:19:49
118,Mairana,-18.1167,-63.9333,70.12,50,96,4.12,BO,2021-11-20 19:19:49
119,Coahuayana,18.7333,-103.6833,94.48,32,16,5.41,MX,2021-11-20 19:19:50
120,Axim,4.8699,-2.2405,80.82,84,14,7.14,GH,2021-11-20 19:15:01
121,Mar Del Plata,-38.0023,-57.5575,86.02,79,0,17.0,AR,2021-11-20 19:19:50
122,Haapiti,-17.5667,-149.8667,85.73,65,18,16.06,PF,2021-11-20 19:19:50
123,Lubango,-14.9172,13.4925,64.38,81,100,3.58,AO,2021-11-20 19:19:51
124,Puerto Escondido,15.85,-97.0667,85.03,65,20,9.22,MX,2021-11-20 19:19:51
125,Dwarka,22.2394,68.9678,79.25,73,11,11.63,IN,2021-11-20 19:19:52
126,Canterbury,51.279,1.0799,50.41,85,100,1.01,GB,2021-11-20 19:19:52
127,Sorso,40.8,8.5772,55.58,87,0,3.02,IT,2021-11-20 19:19:52
128,Nome,64.5011,-165.4064,-0.33,60,1,4.61,US,2021-11-20 19:19:53
129,Hermanus,-34.4187,19.2345,67.89,73,100,19.46,ZA,2021-11-20 19:17:51
130,Kloulklubed,7.0419,134.2556,83.93,77,97,11.59,PW,2021-11-20 19:19:53
131,Evensk,61.95,159.2333,10.54,78,21,12.17,RU,2021-11-20 19:19:53
132,Moron,-34.6534,-58.6198,92.01,46,4,3.0,AR,2021-11-20 19:19:54
133,Atambua,-9.1061,124.8925,76.12,86,79,0.67,ID,2021-11-20 19:19:54
134,Oranjemund,-28.55,16.4333,60.31,93,8,10.29,NA,2021-11-20 19:19:54
135,Pevek,69.7008,170.3133,-10.95,98,59,3.06,RU,2021-11-20 19:19:55
136,Flin Flon,54.7682,-101.865,19.24,73,90,5.75,CA,2021-11-20 19:16:31
137,Broome,42.2506,-75.833,44.02,63,1,3.0,US,2021-11-20 19:19:56
138,Bosaso,11.2842,49.1816,76.95,70,45,3.69,SO,2021-11-20 19:19:56
139,San Angelo,31.4638,-100.437,77.95,38,1,4.0,US,2021-11-20 19:20:56
140,Santa Isabel Do Rio Negro,-0.4139,-65.0192,80.83,76,100,0.87,BR,2021-11-20 19:20:57
141,San Patricio,28.017,-97.5169,82.38,60,76,11.9,US,2021-11-20 19:20:57
142,Casper,42.8666,-106.3131,46.51,54,40,0.0,US,2021-11-20 19:20:58
143,Koumac,-20.5667,164.2833,73.58,79,82,8.86,NC,2021-11-20 19:20:58
144,Novaya Igirma,57.1334,103.9112,-7.44,99,56,2.77,RU,2021-11-20 19:20:58
145,Khatanga,71.9667,102.5,-22.81,99,100,5.84,RU,2021-11-20 19:20:23
146,Paamiut,61.994,-49.6678,31.44,93,99,13.0,GL,2021-11-20 19:20:59
147,Sechura,-5.5569,-80.8222,77.95,54,46,14.88,PE,2021-11-20 19:20:59
148,Bathsheba,13.2167,-59.5167,86.61,62,20,16.11,BB,2021-11-20 19:21:00
149,Vilyuysk,63.7553,121.6247,-14.12,98,95,1.79,RU,2021-11-20 19:21:00
150,Cordele,31.9635,-83.7824,65.25,45,40,10.36,US,2021-11-20 19:21:00
151,Juneau,58.3019,-134.4197,25.21,84,90,4.61,US,2021-11-20 19:21:01
152,Jamsa,61.8642,25.19,35.29,91,15,7.94,FI,2021-11-20 19:21:01
153,Saint-Joseph,-21.3667,55.6167,73.76,77,24,4.61,RE,2021-11-20 19:21:02
154,Abu Dhabi,24.4667,54.3667,77.02,69,0,5.75,AE,2021-11-20 19:17:15
155,Adrar,20.5022,-10.0711,82.15,20,92,7.85,MR,2021-11-20 19:17:49
156,Talnakh,69.4865,88.3972,-17.97,91,24,9.08,RU,2021-11-20 19:21:02
157,Grand Gaube,-20.0064,57.6608,77.38,66,0,7.0,MU,2021-11-20 19:21:02
158,Kangaatsiaq,68.3065,-53.4641,28.17,61,100,11.65,GL,2021-11-20 19:21:03
159,Hasaki,35.7333,140.8333,45.0,60,22,5.39,JP,2021-11-20 19:21:03
160,Florianopolis,-27.6146,-48.5012,72.43,52,75,1.01,BR,2021-11-20 19:21:03
161,Kaeo,-35.1,173.7833,65.32,95,99,6.17,NZ,2021-11-20 19:21:04
162,Prainha,-1.8,-53.48,77.88,88,100,0.36,BR,2021-11-20 19:21:04
163,Coquimbo,-29.9533,-71.3436,62.33,72,40,12.66,CL,2021-11-20 19:16:21
164,Gwadar,25.1216,62.3254,74.26,31,0,7.34,PK,2021-11-20 19:21:04
165,Barrow,71.2906,-156.7887,-0.38,78,20,6.91,US,2021-11-20 19:21:05
166,Calama,-22.4667,-68.9333,73.89,8,42,18.41,CL,2021-11-20 19:16:33
167,Porto Novo,6.4965,2.6036,84.02,81,76,7.72,BJ,2021-11-20 19:21:05
168,Carutapera,-1.195,-46.02,83.64,77,48,9.4,BR,2021-11-20 19:21:06
169,Oistins,13.0667,-59.5333,86.09,62,20,16.11,BB,2021-11-20 19:20:07
170,Yerbogachen,61.2767,108.0108,2.52,98,100,2.77,RU,2021-11-20 19:21:06
171,Kambia,9.1167,-12.9167,82.54,66,3,0.96,SL,2021-11-20 19:21:06
172,Ulladulla,-35.35,150.4667,57.78,93,100,7.38,AU,2021-11-20 19:21:07
173,Airai,-8.9266,125.4092,62.1,90,37,1.45,TL,2021-11-20 19:21:07
174,Torbay,47.6666,-52.7314,42.67,80,20,13.8,CA,2021-11-20 19:16:31
175,Sabang,5.8933,95.3214,82.02,77,100,17.87,ID,2021-11-20 19:21:07
176,Gravdal,68.1214,13.5031,34.74,62,99,23.94,NO,2021-11-20 19:21:08
177,Nikolskoye,59.7035,30.7861,35.87,76,22,9.93,RU,2021-11-20 19:20:27
178,Lorengau,-2.0226,147.2712,80.76,71,56,2.33,PG,2021-11-20 19:21:08
179,Palasa,18.7667,84.4167,75.87,91,94,4.47,IN,2021-11-20 19:21:08
180,Rio Gallegos,-51.6226,-69.2181,57.25,21,75,39.12,AR,2021-11-20 19:21:09
181,Mangrol,21.1167,70.1167,80.6,63,60,10.76,IN,2021-11-20 19:21:09
182,Tiksi,71.6872,128.8694,-12.6,96,100,6.49,RU,2021-11-20 19:21:09
183,Powell River,49.8496,-124.5361,45.0,81,75,6.91,CA,2021-11-20 19:16:31
184,Hervey Bay,-25.2986,152.8535,69.04,67,73,7.09,AU,2021-11-20 19:21:10
185,Port Elizabeth,-33.918,25.5701,64.69,72,75,13.8,ZA,2021-11-20 19:21:10
186,Slave Lake,55.2834,-114.769,10.38,79,90,13.8,CA,2021-11-20 19:16:31
187,Manbij,36.5281,37.9549,52.57,78,97,13.29,SY,2021-11-20 19:22:10
188,Innisfail,-17.5333,146.0333,70.25,81,0,3.09,AU,2021-11-20 19:22:11
189,Touros,-5.1989,-35.4608,85.1,63,100,13.76,BR,2021-11-20 19:22:11
190,Leshukonskoye,64.8989,45.7622,27.54,97,100,5.66,RU,2021-11-20 19:22:11
191,Upernavik,72.7868,-56.1549,4.93,77,97,9.13,GL,2021-11-20 19:22:12
192,Havelock,34.8791,-76.9013,62.06,65,100,5.01,US,2021-11-20 19:22:12
193,Bollnas,61.3482,16.3946,34.39,78,17,4.9,SE,2021-11-20 19:22:13
194,Puerto Ayora,-0.7393,-90.3518,78.76,72,40,11.16,EC,2021-11-20 19:22:13
195,Donja Dubica,45.075,18.4114,44.47,78,1,1.99,BA,2021-11-20 19:22:13
196,Chokurdakh,70.6333,147.9167,-8.07,100,99,4.14,RU,2021-11-20 19:20:17
197,Tuatapere,-46.1333,167.6833,52.38,92,100,3.2,NZ,2021-11-20 19:22:14
198,Makakilo City,21.3469,-158.0858,80.92,64,1,6.91,US,2021-11-20 19:22:14
199,Constitucion,-35.3333,-72.4167,65.25,67,16,9.66,CL,2021-11-20 19:19:11
200,Caravelas,-17.7125,-39.2481,78.13,80,100,6.17,BR,2021-11-20 19:22:14
201,Iseyin,7.9667,3.6,82.42,50,9,2.86,NG,2021-11-20 19:22:15
202,Ostroleka,53.0862,21.5757,52.29,79,99,19.93,PL,2021-11-20 19:22:15
203,Alta Floresta,-9.8756,-56.0861,89.42,58,20,4.61,BR,2021-11-20 19:22:15
204,Firovo,57.4814,33.7021,32.9,96,99,13.8,RU,2021-11-20 19:22:16
205,Ngunguru,-35.6167,174.5,65.16,91,33,6.49,NZ,2021-11-20 19:22:16
206,Luderitz,-26.6481,15.1594,61.39,82,4,18.61,NA,2021-11-20 19:22:16
207,Koping,59.514,15.9926,43.25,82,99,4.12,SE,2021-11-20 19:22:16
208,Krasnogvardeyets,52.6804,52.3635,33.94,98,100,23.26,RU,2021-11-20 19:22:17
209,Gorontalo,0.5412,123.0595,75.63,95,58,2.82,ID,2021-11-20 19:22:17
210,Srednekolymsk,67.45,153.6833,-20.06,100,49,5.06,RU,2021-11-20 19:22:18
211,Nanortalik,60.1432,-45.2371,38.3,99,100,11.27,GL,2021-11-20 19:22:18
212,Souillac,-20.5167,57.5167,77.36,73,75,9.22,MU,2021-11-20 19:22:18
213,Harper,4.375,-7.7169,80.67,83,5,8.55,LR,2021-11-20 19:22:19
214,Fortuna,40.5982,-124.1573,59.94,67,1,1.01,US,2021-11-20 19:22:19
215,Saldanha,-33.0117,17.9442,68.05,79,100,16.73,ZA,2021-11-20 19:22:19
216,Rawson,-43.3002,-65.1023,80.13,27,23,29.24,AR,2021-11-20 19:20:51
217,Sao Filipe,14.8961,-24.4956,78.17,79,100,4.12,CV,2021-11-20 19:22:20
218,Rypefjord,70.6333,23.6667,28.87,93,90,19.57,NO,2021-11-20 19:22:20
219,Barda,40.3744,47.1267,50.95,52,23,2.33,AZ,2021-11-20 19:22:20
220,Samarai,-10.6167,150.6667,80.69,81,36,11.45,PG,2021-11-20 19:22:21
221,Almeirim,-1.5233,-52.5817,80.64,75,100,3.27,BR,2021-11-20 19:22:21
222,Irbit,57.6705,63.071,25.5,89,100,11.92,RU,2021-11-20 19:22:21
223,Cidreira,-30.1811,-50.2056,70.03,57,0,12.19,BR,2021-11-20 19:22:22
224,Meulaboh,4.1363,96.1285,77.36,87,81,3.98,ID,2021-11-20 19:22:22
225,Komsomolskiy,40.4272,71.7189,29.62,64,0,6.91,UZ,2021-11-20 19:22:22
226,Rocha,-34.4833,-54.3333,77.65,38,0,10.94,UY,2021-11-20 19:22:23
227,Pueblo Nuevo,23.3833,-105.3833,70.68,30,0,5.77,MX,2021-11-20 19:22:23
228,Monrovia,6.3005,-10.7969,78.57,80,18,9.01,LR,2021-11-20 19:22:23
229,Moerai,-22.4333,-151.3333,76.08,64,91,8.97,PF,2021-11-20 19:22:24
230,Makariv,50.4641,29.8113,44.29,71,27,14.2,UA,2021-11-20 19:22:24
231,Khandyga,62.6667,135.6,-30.53,100,95,1.9,RU,2021-11-20 19:22:24
232,Bethel,41.3712,-73.414,46.85,46,1,0.0,US,2021-11-20 19:22:25
233,Sorland,67.667,12.6934,37.22,63,100,30.56,NO,2021-11-20 19:22:25
234,Cabo San Lucas,22.8909,-109.9124,85.3,53,1,7.0,MX,2021-11-20 19:19:48
235,Teguise,29.0605,-13.564,64.62,77,20,4.61,ES,2021-11-20 19:23:25
236,Beyneu,45.3167,55.2,32.02,65,96,10.31,KZ,2021-11-20 19:23:26
237,Tumarbong,10.3766,119.4579,78.15,90,46,2.98,PH,2021-11-20 19:23:26
238,Cherskiy,68.75,161.3,-19.19,93,67,1.72,RU,2021-11-20 19:23:26
239,Oktyabrskiy,54.4815,53.471,31.26,93,100,19.26,RU,2021-11-20 19:23:27
240,Lavrentiya,65.5833,-171.0,-0.45,78,4,5.97,RU,2021-11-20 19:23:27
241,Dunedin,-45.8742,170.5036,55.72,75,100,3.02,NZ,2021-11-20 19:23:27
242,Shangrao,28.4532,117.9686,62.53,81,100,2.15,CN,2021-11-20 19:23:28
243,Esperance,-33.8667,121.9,55.24,78,0,16.24,AU,2021-11-20 19:23:28
244,Bystryy Istok,52.371,84.3873,4.37,92,44,2.24,RU,2021-11-20 19:23:28
245,Kenai,60.5544,-151.2583,13.14,82,1,6.91,US,2021-11-20 19:23:29
246,Francisco Sa,-16.4758,-43.4883,78.94,89,100,1.43,BR,2021-11-20 19:23:29
247,Waterloo,43.4668,-80.5164,42.31,69,20,8.01,CA,2021-11-20 19:23:29
248,Tamale,9.4008,-0.8393,87.84,16,0,3.49,GH,2021-11-20 19:23:30
249,Emporia,38.4039,-96.1817,61.52,40,1,5.75,US,2021-11-20 19:23:30
250,San Cristobal,7.7669,-72.225,80.78,40,100,2.06,VE,2021-11-20 19:23:30
251,Hofn,64.2539,-15.2082,32.56,54,95,13.13,IS,2021-11-20 19:23:31
252,Cedar City,37.6775,-113.0619,51.4,39,1,6.91,US,2021-11-20 19:23:31
253,Nevel,56.0209,29.9284,37.74,76,91,13.27,RU,2021-11-20 19:23:31
254,Los Llanos De Aridane,28.6585,-17.9182,64.15,76,42,1.01,ES,2021-11-20 19:23:32
255,Gigmoto,13.7796,124.39,80.26,85,19,5.97,PH,2021-11-20 19:23:32
256,Katherine,-14.4667,132.2667,82.72,69,46,4.61,AU,2021-11-20 19:23:32
257,Velsk,61.0701,42.0983,24.87,96,74,3.42,RU,2021-11-20 19:23:33
258,Pozo Colorado,-23.4923,-58.7972,91.83,22,0,4.41,PY,2021-11-20 19:23:33
259,Cadereyta,25.5833,-99.9833,86.38,51,0,7.7,MX,2021-11-20 19:23:33
260,Nuuk,64.1835,-51.7216,32.61,93,90,28.77,GL,2021-11-20 19:23:34
261,Keuruu,62.2667,24.7,34.75,93,38,6.35,FI,2021-11-20 19:23:34
262,Norfolk,42.1668,-71.2495,47.75,39,1,1.01,US,2021-11-20 19:23:34
263,Mangotsfield,51.4878,-2.504,51.22,87,75,1.99,GB,2021-11-20 19:23:35
264,Padang,-0.9492,100.3543,75.25,84,97,3.15,ID,2021-11-20 19:23:35
265,Sampit,-2.5333,112.95,74.34,98,100,1.07,ID,2021-11-20 19:23:35
266,Baruun-Urt,46.6806,113.2792,15.42,94,100,15.52,MN,2021-11-20 19:23:36
267,Benghazi,32.1167,20.0667,67.03,64,94,14.54,LY,2021-11-20 19:23:36
268,Fomento,22.1039,-79.7217,83.95,66,90,6.69,CU,2021-11-20 19:23:36
269,Aviles,43.5547,-5.9248,56.17,78,0,3.44,ES,2021-11-20 19:23:37
270,Paka,4.6374,103.4368,78.73,94,30,0.0,MY,2021-11-20 19:23:37
271,Otane,-39.8833,176.6333,64.38,62,19,1.5,NZ,2021-11-20 19:23:37
272,Kamenka,51.3223,42.7678,38.75,94,100,21.83,RU,2021-11-20 19:23:38
273,Newport,51.5877,-2.9984,52.86,89,4,8.19,GB,2021-11-20 19:23:38
274,Salou,41.0766,1.1416,57.04,75,0,1.01,ES,2021-11-20 19:23:38
275,Wabana,47.6332,-52.9481,42.48,77,20,13.8,CA,2021-11-20 19:23:39
276,Amargosa,-13.0303,-39.6047,84.24,53,97,8.5,BR,2021-11-20 19:23:39
277,Dzerzhinskoye,56.8344,95.2283,8.71,91,100,4.74,RU,2021-11-20 19:23:39
278,Lubao,14.9167,120.55,79.14,81,100,3.36,PH,2021-11-20 19:23:40
279,Port Lincoln,-34.7333,135.8667,53.83,72,18,12.73,AU,2021-11-20 19:23:40
280,Weinan,34.5036,109.5089,42.49,71,100,4.52,CN,2021-11-20 19:24:41
281,Corlu,41.1592,27.8,40.98,75,0,1.14,TR,2021-11-20 19:22:04
282,Mocuba,-16.8392,36.9856,77.25,78,33,8.16,MZ,2021-11-20 19:24:41
283,Labuhan,-6.8844,112.2051,78.28,85,100,3.27,ID,2021-11-20 19:24:41
284,Lathrop,37.8227,-121.2766,66.42,64,1,3.0,US,2021-11-20 19:24:42
285,Vila Franca Do Campo,37.7167,-25.4333,66.61,71,95,16.13,PT,2021-11-20 19:24:42
286,Churapcha,62.0025,132.4325,-30.71,100,82,0.89,RU,2021-11-20 19:24:42
287,Iqaluit,63.7506,-68.5145,11.93,78,90,15.99,CA,2021-11-20 19:24:43
288,Rawah,34.4816,41.9093,62.08,57,98,7.96,IQ,2021-11-20 19:24:43
289,Llanes,43.4198,-4.7549,53.87,64,100,2.33,ES,2021-11-20 19:24:44
290,Tarauaca,-8.1614,-70.7656,81.21,71,98,3.78,BR,2021-11-20 19:24:44
291,Khani,41.9563,42.9566,40.57,96,100,2.46,GE,2021-11-20 19:24:44
292,Inta,66.0317,60.1659,16.36,85,100,7.4,RU,2021-11-20 19:24:45
293,Fort Walton Beach,30.4058,-86.6188,73.56,57,1,4.0,US,2021-11-20 19:24:45
294,Lompoc,34.6391,-120.4579,74.08,60,1,5.75,US,2021-11-20 19:20:46
295,Narrabri,-30.3167,149.7833,68.09,88,90,11.5,AU,2021-11-20 19:24:45
296,Nemuro,43.3236,145.575,38.07,69,100,9.33,JP,2021-11-20 19:24:46
297,Tuktoyaktuk,69.4541,-133.0374,-9.4,84,75,8.05,CA,2021-11-20 19:24:46
298,Ribeira Grande,38.5167,-28.7,66.6,77,75,26.46,PT,2021-11-20 19:24:46
299,Svetlogorsk,52.6333,29.7333,39.31,75,86,13.85,BY,2021-11-20 19:24:46
300,Auki,-8.7676,160.7034,76.86,83,100,1.66,SB,2021-11-20 19:24:47
301,Aragats,40.4889,44.3528,27.97,93,94,3.83,AM,2021-11-20 19:24:47
302,Freeport,40.6576,-73.5832,49.26,42,1,1.99,US,2021-11-20 19:20:46
303,Lata,40.1629,-8.3327,59.81,86,96,4.59,PT,2021-11-20 19:24:47
304,Santiago Del Estero,-27.7951,-64.2615,93.63,21,24,12.8,AR,2021-11-20 19:24:48
305,Punta Alta,-38.8759,-62.0736,90.48,26,6,18.75,AR,2021-11-20 19:24:48
306,Salalah,17.0151,54.0924,77.09,78,0,3.44,OM,2021-11-20 19:24:49
307,Avera,33.194,-82.5271,62.11,34,9,9.46,US,2021-11-20 19:24:49
308,Ossora,59.2353,163.0719,27.5,75,100,12.55,RU,2021-11-20 19:24:49
309,Kannangad,12.3081,75.1063,77.23,85,93,3.85,IN,2021-11-20 19:24:50
310,Fremont,37.5483,-121.9886,67.3,58,1,5.01,US,2021-11-20 19:24:36
311,Vostok,46.4856,135.8833,12.51,98,92,2.3,RU,2021-11-20 19:24:50
312,Minab,27.1467,57.0801,65.7,47,0,3.27,IR,2021-11-20 19:24:50
313,Metro,-5.1131,105.3067,75.94,83,100,3.49,ID,2021-11-20 19:24:51
314,Methven,-43.6333,171.65,58.01,59,100,3.0,NZ,2021-11-20 19:24:51
315,Provideniya,64.3833,-173.3,8.42,60,7,4.0,RU,2021-11-20 19:24:52
316,Lodja,-3.4833,23.4333,69.69,99,100,2.15,CD,2021-11-20 19:24:52
317,Yumen,40.2833,97.2,18.18,54,0,6.33,CN,2021-11-20 19:24:52
318,Dharchula,29.85,80.5333,54.18,33,0,7.78,IN,2021-11-20 19:24:53
319,Saskylakh,71.9167,114.0833,-25.17,99,91,5.19,RU,2021-11-20 19:24:53
320,Lagoa,39.05,-27.9833,65.21,76,100,25.95,PT,2021-11-20 19:24:53
321,Mercedes,-34.6515,-59.4307,92.86,18,0,8.41,AR,2021-11-20 19:24:54
322,Viedma,-40.8135,-62.9967,87.76,16,6,13.22,AR,2021-11-20 19:24:54
323,Ballina,-28.8667,153.5667,68.04,96,90,4.61,AU,2021-11-20 19:24:54
324,Mehamn,71.0357,27.8492,29.25,69,100,23.31,NO,2021-11-20 19:24:55
325,Kysyl-Syr,63.8986,122.7617,-16.89,99,97,2.15,RU,2021-11-20 19:24:55
326,Perm,58.0174,56.2855,26.06,80,75,6.71,RU,2021-11-20 19:23:39
327,Nalut,30.3333,10.85,62.78,52,61,11.05,LY,2021-11-20 19:25:56
328,Havre-Saint-Pierre,50.2334,-63.5986,35.6,47,90,20.71,CA,2021-11-20 19:25:56
329,Hithadhoo,-0.6,73.0833,80.96,81,100,17.27,MV,2021-11-20 19:25:57
330,Bangkalan,-7.0455,112.7351,76.95,85,100,2.75,ID,2021-11-20 19:25:57
331,Ikom,5.9667,8.7063,78.94,78,100,3.85,NG,2021-11-20 19:25:57
332,Sakaiminato,35.55,133.2333,44.58,93,20,3.44,JP,2021-11-20 19:25:58
333,Pacifica,37.6138,-122.4869,66.72,60,20,3.0,US,2021-11-20 19:25:58
334,Lebedyn,50.5852,34.4849,39.88,65,19,18.23,UA,2021-11-20 19:25:58
335,Flinders,-34.5833,150.8552,60.21,94,100,1.01,AU,2021-11-20 19:25:59
336,Pindiga,9.9833,10.9333,82.76,19,34,6.33,NG,2021-11-20 19:25:59
337,Port Moresby,-9.4431,147.1797,76.53,90,74,3.94,PG,2021-11-20 19:25:59
338,Edwardsville,38.8114,-89.9532,63.95,38,1,3.0,US,2021-11-20 19:26:00
339,Hambantota,6.1241,81.1185,77.56,74,96,14.5,LK,2021-11-20 19:26:00
340,Aden,12.7794,45.0367,81.21,58,21,11.18,YE,2021-11-20 19:26:00
341,Chichihualco,17.6833,-99.65,75.74,48,0,5.21,MX,2021-11-20 19:26:01
342,Zhigansk,66.7697,123.3711,-24.7,99,99,6.13,RU,2021-11-20 19:26:01
343,Whitehorse,60.7161,-135.0538,-21.23,83,40,0.0,CA,2021-11-20 19:26:01
344,Kakonko,-3.2828,30.9642,67.15,74,86,4.79,TZ,2021-11-20 19:26:02
345,Dubbo,-32.25,148.6167,60.93,100,100,0.0,AU,2021-11-20 19:26:02
346,Yuksekova,37.5736,44.2872,34.43,99,100,3.98,TR,2021-11-20 19:26:02
347,Norman Wells,65.282,-126.8329,-2.16,78,40,3.44,CA,2021-11-20 19:24:07
348,Shelburne,44.0787,-80.2041,39.13,75,100,12.44,CA,2021-11-20 19:26:03
349,Catuday,16.2923,119.8062,79.39,73,100,3.87,PH,2021-11-20 19:26:03
350,Kavaratti,10.5669,72.642,81.0,77,89,14.18,IN,2021-11-20 19:26:04
351,Santa Ines,-3.6667,-45.38,87.87,59,98,4.09,BR,2021-11-20 19:26:04
352,Berdigestyakh,62.0989,126.6992,-28.17,100,76,1.63,RU,2021-11-20 19:26:04
353,Nanning,22.8167,108.3167,72.05,94,100,4.05,CN,2021-11-20 19:26:05
354,Damghan,36.1683,54.348,40.82,52,65,2.57,IR,2021-11-20 19:26:05
355,Sur,22.5667,59.5289,74.53,56,3,6.98,OM,2021-11-20 19:26:05
356,Hay River,60.8156,-115.7999,-0.42,71,75,11.5,CA,2021-11-20 19:26:06
357,Talcahuano,-36.7167,-73.1167,67.68,64,0,4.61,CL,2021-11-20 19:26:06
358,Surt,31.2089,16.5887,67.01,66,7,8.1,LY,2021-11-20 19:26:06
359,Bakel,14.905,-12.4568,92.93,13,56,8.88,SN,2021-11-20 19:26:07
360,Nizhniy Kuranakh,58.8353,125.4869,-18.85,100,68,2.42,RU,2021-11-20 19:26:07
361,Mantua,45.1667,10.7833,49.28,91,13,1.99,IT,2021-11-20 19:26:07
362,Licata,37.1071,13.9461,60.55,71,0,2.55,IT,2021-11-20 19:26:07
363,Boyolangu,-8.1181,111.8935,74.62,90,96,2.98,ID,2021-11-20 19:26:08
364,Kaduy,59.2,37.15,32.04,97,100,7.34,RU,2021-11-20 19:26:08
365,Yumaguzino,52.9041,56.3933,25.65,93,100,19.53,RU,2021-11-20 19:26:09
366,Elat,29.5581,34.9482,67.84,60,75,6.91,IL,2021-11-20 19:26:09
367,Pimentel,-6.8367,-79.9342,73.69,60,0,19.57,PE,2021-11-20 19:26:09
368,Kavieng,-2.5744,150.7967,81.84,76,23,7.4,PG,2021-11-20 19:23:10
369,Pakxan,18.3778,103.6601,72.79,92,45,3.18,LA,2021-11-20 19:26:10
370,Aswan,24.0934,32.907,69.1,34,0,4.61,EG,2021-11-20 19:26:10
371,Vanderhoof,54.0166,-124.0198,39.24,66,100,5.77,CA,2021-11-20 19:27:10
372,Topeka,39.0483,-95.678,60.08,45,1,3.44,US,2021-11-20 19:23:50
373,Biskamzha,53.4497,89.5272,11.21,89,100,5.48,RU,2021-11-20 19:27:11
374,Sillod,20.3,75.65,71.67,88,52,7.96,IN,2021-11-20 19:27:11
375,Vao,-22.6667,167.4833,70.95,86,91,24.38,NC,2021-11-20 19:27:11
376,Acajutla,13.5928,-89.8275,93.54,49,82,6.64,SV,2021-11-20 19:27:12
377,Longyearbyen,78.2186,15.6401,8.44,78,40,5.75,SJ,2021-11-20 19:27:12
378,Klaksvik,62.2266,-6.589,38.32,77,100,29.21,FO,2021-11-20 19:27:12
379,Grajewo,53.6473,22.4554,49.98,82,100,20.11,PL,2021-11-20 19:27:13
380,Batagay-Alyta,67.8006,130.4114,-22.09,97,80,4.45,RU,2021-11-20 19:27:13
381,Chuy,-33.6971,-53.4616,78.94,46,0,7.63,UY,2021-11-20 19:27:14
382,Kigoma,-4.8769,29.6267,78.01,69,82,2.06,TZ,2021-11-20 19:27:14
383,Qandala,11.472,49.8728,77.83,68,55,3.76,SO,2021-11-20 19:27:14
384,Selty,57.3132,52.1345,29.43,96,100,11.07,RU,2021-11-20 19:27:15
385,Angoche,-16.2325,39.9086,79.21,84,8,10.29,MZ,2021-11-20 19:27:15
386,Santa Vitoria,-18.8386,-50.1214,77.97,79,99,6.29,BR,2021-11-20 19:27:15
387,Yar-Sale,66.8333,70.8333,6.8,94,100,17.85,RU,2021-11-20 19:27:16
388,Caala,-12.8525,15.5606,62.13,92,99,1.14,AO,2021-11-20 19:27:16
389,Mayo,38.8876,-76.5119,50.34,56,1,1.99,US,2021-11-20 19:27:16
390,Ferkessedougou,9.6,-5.2,83.95,21,94,4.25,CI,2021-11-20 19:27:17
391,Eldorado,-23.7869,-54.2836,83.82,52,85,8.93,BR,2021-11-20 19:27:17
392,Einsiedeln,47.1167,8.75,38.91,76,12,3.62,CH,2021-11-20 19:27:17
393,Raga,8.4596,25.678,80.87,25,6,4.5,SS,2021-11-20 19:27:17
394,Brive-La-Gaillarde,45.25,1.5,43.29,93,47,1.43,FR,2021-11-20 19:27:18
395,Mahebourg,-20.4081,57.7,77.25,73,75,9.22,MU,2021-11-20 19:27:18
396,Gao,16.6362,1.637,83.52,12,76,10.89,ML,2021-11-20 19:27:18
397,Gamba,-2.65,10.0,75.54,85,100,1.39,GA,2021-11-20 19:27:19
398,Salinas,36.6777,-121.6555,69.01,66,1,0.0,US,2021-11-20 19:24:38
399,Sanchor,24.7553,71.7722,77.79,58,0,7.31,IN,2021-11-20 19:27:19
400,Nurmijarvi,60.4641,24.8073,38.34,81,75,8.05,FI,2021-11-20 19:27:19
401,Turiacu,-1.6633,-45.3717,86.72,62,33,8.34,BR,2021-11-20 19:27:20
402,Forio,40.7342,13.8646,60.53,64,3,8.08,IT,2021-11-20 19:27:20
403,Chumikan,54.7183,135.315,0.21,85,1,12.88,RU,2021-11-20 19:27:20
404,Saint George,37.1041,-113.5841,63.36,29,1,1.01,US,2021-11-20 19:27:21
405,Casablanca,33.5928,-7.6192,64.74,82,0,11.01,MA,2021-11-20 19:25:32
406,Port Victoria,0.0939,33.9756,68.72,79,100,18.52,KE,2021-11-20 19:27:21
407,Umm Kaddadah,13.6017,26.6876,73.44,22,0,13.89,SD,2021-11-20 19:27:22
408,Poum,-20.2333,164.0167,75.69,75,100,13.62,NC,2021-11-20 19:27:22
409,Diego De Almagro,-26.3667,-70.05,82.02,12,1,15.19,CL,2021-11-20 19:27:22
410,Takayama,36.1333,137.25,44.94,87,0,2.08,JP,2021-11-20 19:23:53
411,Maragogi,-9.0122,-35.2225,82.24,68,24,11.77,BR,2021-11-20 19:27:23
412,Maumere,-8.6199,122.2111,82.18,76,100,2.39,ID,2021-11-20 19:27:23
413,Grindavik,63.8424,-22.4338,30.67,80,75,4.61,IS,2021-11-20 19:24:12
414,Mildura,-34.2,142.15,49.06,87,0,8.05,AU,2021-11-20 19:27:23
415,North Bend,43.4065,-124.2243,51.71,85,1,6.91,US,2021-11-20 19:27:24
416,Kannur,11.8675,75.3576,76.71,86,78,4.12,IN,2021-11-20 19:27:24
417,Kizukuri,40.8061,140.3861,41.11,81,100,4.76,JP,2021-11-20 19:27:24
418,Leningradskiy,69.3833,178.4167,-8.37,85,15,3.65,RU,2021-11-20 19:28:25
419,Praxedis Guerrero,31.3667,-106.0167,72.28,29,37,4.83,MX,2021-11-20 19:28:25
420,Sierra Vista,31.5545,-110.3037,74.7,21,1,7.0,US,2021-11-20 19:28:25
421,Vila Do Maio,15.1333,-23.2167,79.59,77,95,9.15,CV,2021-11-20 19:28:26
422,Heihe,50.2441,127.4902,-7.02,96,31,3.09,CN,2021-11-20 19:28:26
423,Tarata,-17.6167,-66.0167,80.02,44,97,11.12,BO,2021-11-20 19:28:26
424,Paracatu,-17.2222,-46.8747,77.88,71,98,4.79,BR,2021-11-20 19:28:26
425,San Juan,-31.5375,-68.5364,93.67,16,1,7.56,AR,2021-11-20 19:28:16
426,Valverde Del Camino,37.5751,-6.7543,55.02,88,100,5.21,ES,2021-11-20 19:28:27
427,Waddan,29.1614,16.139,65.21,51,71,10.51,LY,2021-11-20 19:28:27
428,Poltavka,54.3663,71.7632,15.94,85,100,11.97,RU,2021-11-20 19:28:27
429,Fergus Falls,46.283,-96.0776,39.18,65,1,3.0,US,2021-11-20 19:28:28
430,Lakatoro,-16.0999,167.4164,78.37,79,100,4.54,VU,2021-11-20 19:28:28
431,Jieshi,22.8134,115.8257,72.95,81,100,13.2,CN,2021-11-20 19:28:28
432,Najran,17.4924,44.1277,74.05,56,0,6.8,SA,2021-11-20 19:28:29
433,Xuddur,4.1213,43.8894,79.39,38,97,8.66,SO,2021-11-20 19:28:29
434,Yara,20.2753,-76.9533,87.76,50,84,4.5,CU,2021-11-20 19:28:29
435,Tigzirt,36.8886,4.1198,62.19,68,100,7.83,DZ,2021-11-20 19:28:30
436,Iquique,-20.2208,-70.1431,66.24,66,91,7.87,CL,2021-11-20 19:23:58
437,Cairo,30.0626,31.2497,61.56,77,75,5.75,EG,2021-11-20 19:25:04
438,College,64.8569,-147.8028,-2.54,70,1,3.44,US,2021-11-20 19:28:30
439,Karratha,-20.7377,116.8463,79.61,55,98,8.1,AU,2021-11-20 19:28:31
440,Tocopilla,-22.092,-70.1979,70.14,57,21,7.9,CL,2021-11-20 19:28:31
441,Kruisfontein,-34.0033,24.7314,61.88,75,100,13.71,ZA,2021-11-20 19:28:31
442,Biak,-0.9131,122.8766,76.39,87,85,1.34,ID,2021-11-20 19:28:31
443,Katangli,51.7102,143.2326,22.15,79,94,16.2,RU,2021-11-20 19:28:32
444,Sinnamary,5.3833,-52.95,83.8,72,28,10.83,GF,2021-11-20 19:28:32
445,Gimli,50.6336,-96.9907,32.02,69,9,8.05,CA,2021-11-20 19:28:33
446,Opuwo,-18.0607,13.84,77.79,21,1,9.55,NA,2021-11-20 19:28:33
447,Hailar,49.2,119.7,14.2,91,100,5.35,CN,2021-11-20 19:28:33
448,Krasnoselkup,65.7,82.4667,-3.69,89,100,21.07,RU,2021-11-20 19:28:34
449,Fairbanks,64.8378,-147.7164,-14.4,70,1,0.0,US,2021-11-20 19:25:14
450,Kamiiso,41.8167,140.65,39.38,74,100,3.02,JP,2021-11-20 19:28:34
451,Viransehir,37.2353,39.7631,50.67,74,100,14.25,TR,2021-11-20 19:28:34
452,Acapulco,16.8634,-99.8901,85.82,74,20,6.91,MX,2021-11-20 19:28:35
453,Panacan,9.2463,118.4082,79.34,84,45,3.91,PH,2021-11-20 19:28:35
454,Comodoro Rivadavia,-45.8667,-67.5,78.66,25,40,32.21,AR,2021-11-20 19:28:35
455,Ingham,42.6,-84.3833,40.77,66,90,5.75,US,2021-11-20 19:28:36
456,Drochtersen,53.7102,9.3846,50.5,84,100,15.17,DE,2021-11-20 19:28:36
457,Springbok,-29.6643,17.8865,63.25,39,18,4.56,ZA,2021-11-20 19:28:36
458,Anahuac,27.2333,-100.15,72.9,42,0,13.87,MX,2021-11-20 19:28:36
459,Montego Bay,18.4712,-77.9188,84.78,70,20,13.8,JM,2021-11-20 19:28:37
460,Namatanai,-3.6667,152.4333,77.72,85,53,4.12,PG,2021-11-20 19:28:37
461,Belle Fourche,44.6714,-103.8522,45.25,73,56,5.84,US,2021-11-20 19:28:37
462,Faanui,-16.4833,-151.75,80.74,76,100,19.3,PF,2021-11-20 19:28:38
463,Tazovskiy,67.4667,78.7,-4.58,90,99,21.39,RU,2021-11-20 19:29:38
464,Palmerston North,-40.35,175.6167,65.05,81,100,2.06,NZ,2021-11-20 19:29:38
465,Ancud,-41.8697,-73.8203,60.33,75,32,11.59,CL,2021-11-20 19:29:39
466,Portland,45.5234,-122.6762,52.36,80,75,5.99,US,2021-11-20 19:26:53
467,Acandi,8.5063,-77.2778,81.99,84,36,1.03,CO,2021-11-20 19:29:39
468,Poya,-21.35,165.15,72.46,82,100,2.8,NC,2021-11-20 19:29:39
469,Louth,53.3666,-0.0044,51.76,81,20,11.5,GB,2021-11-20 19:29:40
470,Saint-Andre-Les-Vergers,48.2853,4.0521,42.84,93,90,3.44,FR,2021-11-20 19:29:40
471,Barinitas,8.7622,-70.4111,89.1,43,61,6.08,VE,2021-11-20 19:29:40
472,Sao Joao Da Barra,-21.6403,-41.0511,75.29,88,100,14.97,BR,2021-11-20 19:29:41
473,Huarmey,-10.0681,-78.1522,71.17,72,62,11.61,PE,2021-11-20 19:29:41
474,Roros,62.5747,11.3842,28.24,86,75,1.14,NO,2021-11-20 19:29:41
475,Farah,32.5,62.5,45.41,31,0,0.96,AF,2021-11-20 19:29:42
476,Margate,51.3813,1.3862,50.04,82,100,11.54,GB,2021-11-20 19:29:42
477,Turbat,26.0023,63.044,68.14,19,0,13.27,PK,2021-11-20 19:29:42
478,La Paz,-16.5,-68.15,62.58,38,40,13.8,BO,2021-11-20 19:26:44
479,Mitsamiouli,-11.3847,43.2844,79.68,77,1,10.96,KM,2021-11-20 19:29:43
480,Kontagora,10.3999,5.4695,81.54,22,0,0.27,NG,2021-11-20 19:29:43
481,Ilo,-17.6394,-71.3375,72.46,64,0,12.66,PE,2021-11-20 19:29:43
482,Moche,-8.1711,-79.0092,68.18,73,100,13.8,PE,2021-11-20 19:29:43
483,Ampanihy,-24.7,44.75,69.87,90,36,8.95,MG,2021-11-20 19:29:44
484,Kuytun,54.3419,101.5036,-11.36,98,15,3.11,RU,2021-11-20 19:29:44
485,Basco,20.4487,121.9702,79.72,74,62,15.73,PH,2021-11-20 19:29:45
486,Kibala,9.1104,18.3463,80.55,69,0,0.0,TD,2021-11-20 19:29:45
487,Victoria,22.2855,114.1577,74.32,88,87,5.01,HK,2021-11-20 19:27:21
488,Sain Alto,23.5833,-103.25,66.87,35,0,3.15,MX,2021-11-20 19:29:45
489,San Ramon,37.7799,-121.978,65.75,55,1,1.99,US,2021-11-20 19:26:59
490,Baiao,-2.7906,-49.6717,83.53,71,97,2.91,BR,2021-11-20 19:29:46
491,Lazaro Cardenas,17.9583,-102.2,86.29,49,4,4.45,MX,2021-11-20 19:29:46
492,Ambon,-3.6954,128.1814,81.93,76,99,1.25,ID,2021-11-20 19:29:46
493,Bahia Blanca,-38.7196,-62.2724,95.31,18,4,18.52,AR,2021-11-20 19:29:47
494,Barcelos,41.5388,-8.6151,60.85,71,57,3.85,PT,2021-11-20 19:29:47
495,Conde,-7.2597,-34.9075,83.66,65,40,11.5,BR,2021-11-20 19:29:09
496,Diffa,13.3154,12.6113,81.52,18,0,5.06,NE,2021-11-20 19:29:48
497,Riyadh,24.6877,46.7219,77.14,28,96,15.59,SA,2021-11-20 19:29:48
498,Puerto Del Rosario,28.5004,-13.8627,67.68,68,20,0.0,ES,2021-11-20 19:29:48
499,Severo-Kurilsk,50.6789,156.125,35.69,96,100,4.65,RU,2021-11-20 19:29:49
500,Santa Fe,-31.6333,-60.7,93.0,23,0,5.99,AR,2021-11-20 19:29:49
501,Naze,28.3667,129.4833,68.47,70,100,11.68,JP,2021-11-20 19:29:49
502,Noumea,-22.2763,166.4572,67.98,90,100,11.97,NC,2021-11-20 19:29:50
503,Macea,46.3833,21.3,46.44,87,6,6.73,RO,2021-11-20 19:29:50
504,Asfi,32.2994,-9.2372,63.93,84,96,6.06,MA,2021-11-20 19:29:50
505,Narsaq,60.9167,-46.05,34.02,100,100,3.56,GL,2021-11-20 19:29:50
506,Madhipura,25.9167,86.7833,69.3,60,60,3.96,IN,2021-11-20 19:29:51
507,Antofagasta,-23.65,-70.4,71.22,56,100,9.57,CL,2021-11-20 19:29:51
508,Huinan,42.6225,126.2614,27.23,81,100,3.83,CN,2021-11-20 19:29:51
509,Ocos,14.5094,-92.1933,91.58,71,100,6.26,GT,2021-11-20 19:29:52
510,Saquena,-4.6667,-73.5167,89.44,54,77,2.33,PE,2021-11-20 19:29:52
511,Salinopolis,-0.6136,-47.3561,81.95,81,54,12.1,BR,2021-11-20 19:30:53
512,Anchorage,61.2181,-149.9003,10.67,77,1,3.0,US,2021-11-20 19:30:53
513,Huntsville,34.7304,-86.5861,61.16,34,1,4.0,US,2021-11-20 19:30:53
514,Bhadrak,21.0633,86.5054,73.17,77,13,2.46,IN,2021-11-20 19:30:54
515,Berlevag,70.8578,29.0864,30.31,67,100,25.64,NO,2021-11-20 19:30:54
516,Sao Joaquim,-28.2939,-49.9317,61.7,58,12,2.75,BR,2021-11-20 19:30:54
517,General Roca,-39.0333,-67.5833,94.62,8,4,20.69,AR,2021-11-20 19:30:55
518,Amga,60.8953,131.9608,-25.58,100,84,0.63,RU,2021-11-20 19:30:55
519,Pacific Grove,36.6177,-121.9166,68.59,74,40,5.01,US,2021-11-20 19:30:55
520,Tevaitoa,-16.7833,-151.5,80.53,74,57,18.97,PF,2021-11-20 19:30:56
521,Neiafu,-18.65,-173.9833,81.28,83,40,6.91,TO,2021-11-20 19:30:56
522,Hamilton,39.1834,-84.5333,53.02,51,40,1.01,US,2021-11-20 19:29:06
523,Miri,4.4148,114.0089,75.34,100,40,9.22,MY,2021-11-20 19:30:56
524,Jeremie,18.65,-74.1167,82.71,66,36,3.51,HT,2021-11-20 19:30:57
525,Monte Aprazivel,-20.7725,-49.7142,86.65,59,47,8.25,BR,2021-11-20 19:30:57
526,Eydhafushi,5.1033,73.0708,81.72,71,99,18.3,MV,2021-11-20 19:30:57
527,Batemans Bay,-35.7167,150.1833,59.2,96,100,6.33,AU,2021-11-20 19:30:11
528,Soyo,-6.1349,12.3689,78.73,84,96,6.02,AO,2021-11-20 19:30:58
529,Uray,60.1247,64.7758,26.89,95,100,10.63,RU,2021-11-20 19:30:58
530,Ambilobe,-13.2,49.05,75.54,79,41,3.49,MG,2021-11-20 19:30:58
531,Kurumkan,54.3,110.3,2.66,91,44,3.31,RU,2021-11-20 19:30:59
532,Ahmadpur Sial,30.6754,71.7483,58.87,21,0,4.5,PK,2021-11-20 19:30:59
533,Chenghai,23.4632,116.768,66.11,94,0,4.47,CN,2021-11-20 19:30:59
534,Bilibino,68.0546,166.4372,-17.41,80,35,3.65,RU,2021-11-20 19:31:00
535,Fare,-16.7,-151.0167,80.37,72,53,18.23,PF,2021-11-20 19:31:00
536,Hermon,44.8101,-68.9134,43.99,49,1,3.0,US,2021-11-20 19:31:01
537,Qasigiannguit,68.8193,-51.1922,23.25,95,100,10.22,GL,2021-11-20 19:31:01
538,Roald,62.5833,6.1333,41.16,75,40,8.05,NO,2021-11-20 19:31:01
539,Suhbaatar,50.2314,106.2078,9.37,77,99,3.71,MN,2021-11-20 19:31:02
540,Trat,12.5,102.5,83.98,94,98,1.72,TH,2021-11-20 19:31:02
541,Lerwick,60.1545,-1.1494,41.0,71,99,24.61,GB,2021-11-20 19:31:02
542,Jinxiang,27.4327,120.6062,60.73,83,14,5.61,CN,2021-11-20 19:31:02
543,Prieska,-29.6641,22.7474,76.62,12,9,6.42,ZA,2021-11-20 19:26:35
544,Port Blair,11.6667,92.75,81.01,86,93,12.41,IN,2021-11-20 19:31:03
545,Moose Factory,51.2585,-80.6094,35.58,80,90,10.36,CA,2021-11-20 19:31:03
546,Manggar,-2.8833,108.2667,80.04,81,100,2.64,ID,2021-11-20 19:31:04
547,Tiznit,29.5833,-9.5,61.54,68,0,3.15,MA,2021-11-20 19:29:10
548,Honningsvag,70.9821,25.9704,32.14,55,99,24.34,NO,2021-11-20 19:31:04
549,Hokitika,-42.7167,170.9667,55.69,71,100,8.12,NZ,2021-11-20 19:31:04
550,Kaset Sombun,16.2805,101.9542,74.97,84,34,0.89,TH,2021-11-20 19:31:04
551,Scottsdale,33.5092,-111.899,79.75,21,1,3.0,US,2021-11-20 19:26:51
552,Iwanai,42.9744,140.5089,37.15,89,98,1.92,JP,2021-11-20 19:31:05
553,Tiarei,-17.5333,-149.3333,86.02,68,3,17.72,PF,2021-11-20 19:31:05
554,Osmena,10.5208,119.9258,82.35,79,25,10.74,PH,2021-11-20 19:31:05
555,Skagen,57.7209,10.5839,46.27,88,100,13.73,DK,2021-11-20 19:31:06
556,Dunmanway,51.7167,-9.1167,49.12,80,100,13.2,IE,2021-11-20 19:31:06
557,Nouadhibou,20.931,-17.0347,71.58,73,100,9.22,MR,2021-11-20 19:31:06
558,Bealanana,-14.55,48.7333,64.11,92,48,2.04,MG,2021-11-20 19:31:07
559,Lufkin,31.3382,-94.7291,73.83,63,1,4.61,US,2021-11-20 19:32:07
560,Qui Nhon,13.7667,109.2333,74.66,84,100,5.26,VN,2021-11-20 19:32:07
561,Kutum,14.2,24.6667,67.64,25,0,10.4,SD,2021-11-20 19:32:08
562,Karaton,-6.3424,106.1045,78.96,89,98,3.96,ID,2021-11-20 19:32:08
563,Sambava,-14.2667,50.1667,75.61,80,25,3.69,MG,2021-11-20 19:32:08
564,Cerro De Pasco,-10.6833,-76.2667,42.37,80,100,4.74,PE,2021-11-20 19:32:09
565,Rzhev,56.2624,34.3282,34.43,89,95,17.52,RU,2021-11-20 19:32:09
566,Ewa Beach,21.3156,-158.0072,82.35,64,1,6.91,US,2021-11-20 19:32:09
567,Geraldton,-28.7667,114.6,59.41,82,0,6.91,AU,2021-11-20 19:31:07
568,Husavik,66.0449,-17.3389,13.91,86,100,8.46,IS,2021-11-20 19:32:10
569,San Andres,12.5847,-81.7006,86.02,74,75,13.8,CO,2021-11-20 19:29:13
570,Vanimo,-2.6741,141.3028,77.65,88,99,3.47,PG,2021-11-20 19:32:10
571,Codrington,-38.2667,141.9667,50.41,81,2,7.63,AU,2021-11-20 19:32:10
572,Semey,50.4111,80.2275,12.49,69,38,17.31,KZ,2021-11-20 19:32:11
573,Namtsy,62.7161,129.6658,-30.89,100,97,1.79,RU,2021-11-20 19:32:11
574,Port-Gentil,-0.7193,8.7815,78.76,94,40,4.61,GA,2021-11-20 19:32:11
575,Ust-Maya,60.4167,134.5333,-21.86,100,96,0.69,RU,2021-11-20 19:32:12
576,Topchikha,52.8192,83.1185,19.98,85,69,6.17,RU,2021-11-20 19:32:12
577,Ures,29.4333,-110.4,85.53,18,57,8.12,MX,2021-11-20 19:32:12
578,Melbu,68.5044,14.8297,36.32,58,100,16.37,NO,2021-11-20 19:32:13
579,Bubaque,11.2833,-15.8333,84.06,68,32,10.76,GW,2021-11-20 19:32:13
580,Inuvik,68.3499,-133.7218,4.06,85,90,3.44,CA,2021-11-20 19:32:13
581,Itapora,-22.0799,-54.7874,85.24,52,7,8.52,BR,2021-11-20 19:32:14
582,Anloga,5.7947,0.8973,84.42,78,15,12.15,GH,2021-11-20 19:32:14
583,Faya,18.3851,42.4509,57.31,71,0,3.98,SA,2021-11-20 19:32:14
584,Wanning,18.8003,110.3967,75.63,85,67,1.16,CN,2021-11-20 19:32:14
585,Tongliao,43.6125,122.2653,20.01,96,100,3.8,CN,2021-11-20 19:32:15
586,Duku,11.2361,4.9073,82.71,16,0,6.31,NG,2021-11-20 19:32:15
587,Basugaon,26.4667,90.4,64.04,74,2,3.53,IN,2021-11-20 19:32:15
